{
	"generals" : {
		"name" : "BrainStorm Protocol",
		"version" : "v.001",
		"version_time" : "25-09-2019",
		"version_number" : 1,
        "test_data_url": "https://lstneuro-my.sharepoint.com/:u:/g/personal/cc-lab_neuroinformatics-collaboratory_org/EQVy7Y3oL9lDqS4_aNwglCsBMngspSuQ6yVudDj1xUOhgA?download=1",
		"url_check" : "https://raw.github.com/CCC-members/BC-VARETA_Toolbox/master/app/app_properties.json",
        "base_url"  : "https://codeload.github.com/CCC-members/BC-VARETA_Toolbox/zip/master"        
        },
    "run_bash_mode":{
        "description":"HPC-option1",
        "value":false
        },
	"externals" : {
		"name" : "brainstorm",
		"url" : ""
		},
    "matlab_runtime": {
         "mac":"http://ssd.mathworks.com/supportfiles/downloads/R2018b/deployment_files/R2018b/installers/maci64/MCR_R2018b_maci64_installer.dmg.zip",
         "win":"http://ssd.mathworks.com/supportfiles/downloads/R2018b/deployment_files/R2018b/installers/win64/MCR_R2018b_win64_installer.exe",
         "linux":"http://ssd.mathworks.com/supportfiles/downloads/R2018b/deployment_files/R2018b/installers/glnxa64/MCR_R2018b_glnxa64_installer.zip"
    },
    "bst_path":"E:\\Develop\\Malasia_Protocol\\bst_pt\\brainstorm3",
    "bst_url":"https://codeload.github.com/brainstorm-tools/brainstorm3/zip/master",
    "raw_data_path":"D:\\NeuroInformatics Lab\\BC-VARETA1.0_repo\\raw_data",
    "protocol_name":"ExampleProtocol"

}
