{"run_parallel":{"description":"HPC-option1","value":false},"run_frequency_bin":{"description":"Run by frequency bin","value":false},"run_single_subject":{"description":"Run a single subject","value":true},"data_path":"E:\\New folder\\TDD","frequencies":[{"name":"delta","f_start":0.1,"f_end":4,"run":true},{"name":"theta","f_start":4,"f_end":7,"run":true},{"name":"alpha","f_start":7,"f_end":14,"run":true},{"name":"beta","f_start":14,"f_end":31,"run":true}],"freq_resol":{"description":"Frequency resolution","value":0.5},"samp_freq":{"description":"Sampling frequency","value":300},"max_freq":{"description":"Maximum frequency","value":32},"win_order":{"description":"Windowing Order","value":1},"hhgm_param":[{"name":"maxiter_outer","description":"maxiter_outer","value":60},{"name":"maxiter_inner","description":"maxiter_inner","value":100},{"name":"penalty","description":"penalty","value":1},{"name":"rth","description":"rth","value":3.16},{"name":"axi","description":"axi","value":0.001},{"name":"sigma2xi","description":"sigma2xi","value":1},{"name":"ssbl_th","description":"ssbl_th","value":1}]}